request_id,user_id,query_snippet,user_sent_at,master_received_at,dispatched_at,worker_id,provider,model_used,worker_received_at,inference_start,inference_end,master_responded_at,total_latency_s,inference_latency_s,status
0de41c1c-8d37-4927-a42d-c647462a4e4b,renad_23P0292,Explain how the Load Balancer chose this worker.,1715037600.0,1778108170.0692,1778108170.0692,1f958fa2-fd46-4367-9c2d-656c6a6b17a8,Simulated-Provider,tinyllama-mock,1778108170.5778,1778108170.5778,1778108171.5648,1778108171.5728,63070571.5728,0.987,success
039bd9cd-20c7-4968-acdd-dfdb4626020a,renad_stress_test,Task number 2,1778120183.297,1778109385.3938,1778109385.3938,22da45d9-b0b0-442a-a2c6-7b557bd17d2b,Simulated-Provider,tinyllama-mock,1778109385.6835,1778109385.6835,1778109386.693,1778109386.698,-10796.599,1.0095,success
fcae6bf2-9b94-4108-af49-d7cdac6bc4ac,renad_stress_test,Task number 1,1778120183.123,1778109385.2558,1778109385.2558,a6f5a514-cd3e-41ed-8583-07e94b8a559a,Simulated-Provider,tinyllama-mock,1778109385.6835,1778109385.6835,1778109386.693,1778109386.702,-10796.421,1.0095,success
7ab843b9-5d8f-4ebc-bbf6-95706346b91f,renad_stress_test,Task number 3,1778120183.473,1778109385.5662,1778109385.5662,a6f5a514-cd3e-41ed-8583-07e94b8a559a,Simulated-Provider,tinyllama-mock,1778109385.8342,1778109385.8342,1778109386.8483,1778109386.8513,-10796.6217,1.014,success
460957df-4d9a-4a8b-889c-6e0cc27395e5,renad_stress_test,Task number 4,1778120183.611,1778109385.6925,1778109385.6925,22da45d9-b0b0-442a-a2c6-7b557bd17d2b,Simulated-Provider,tinyllama-mock,1778109385.9598,1778109385.9598,1778109386.9425,1778109386.9455,-10796.6655,0.9827,success
12c1d4a2-d939-4b42-8cac-b05aff0a1fca,renad_23P0292,Final Test Task 1,1778109597.0,1778109600.4343,1778109600.4349,a6f5a514-cd3e-41ed-8583-07e94b8a559a,Simulated-Provider,tinyllama-mock,1778109600.7165,1778109600.7165,1778109601.7417,1778109601.7457,4.7457,1.0253,success
58f6ebc7-8a5d-4684-bcf4-b522548c3970,renad_23P0292,Final Test Task 2,1778109597.0,1778109600.6516,1778109600.6516,22da45d9-b0b0-442a-a2c6-7b557bd17d2b,Simulated-Provider,tinyllama-mock,1778109600.9326,1778109600.9326,1778109601.9123,1778109601.9161,4.9161,0.9798,success
2ebe343a-e734-41c2-a70e-a98c31b1e115,renad_23P0292,Final Test Task 3,1778109597.0,1778109600.8243,1778109600.8243,a6f5a514-cd3e-41ed-8583-07e94b8a559a,Simulated-Provider,tinyllama-mock,1778109601.1038,1778109601.1038,1778109602.1152,1778109602.1182,5.1182,1.0114,success
e8a6dff2-23e0-4c9f-987c-690e0da079d8,renad_23P0292,Final Test Task 4,1778109597.0,1778109600.9934,1778109600.9944,22da45d9-b0b0-442a-a2c6-7b557bd17d2b,Simulated-Provider,tinyllama-mock,1778109601.2605,1778109601.2605,1778109602.2406,1778109602.2446,5.2446,0.9801,success
ce8e941b-77e7-4d1f-8e31-3c9bd3ab2e3b,renad_crash_test,Task 1,1778120581.725,1778109783.8327,1778109783.8337,a6f5a514-cd3e-41ed-8583-07e94b8a559a,Simulated-Provider,tinyllama-mock,1778109784.1221,1778109784.1221,1778109785.1293,1778109785.1333,-10796.5917,1.0072,success
c307cc99-4b80-4a8e-99d0-3afc4f8259d2,renad_crash_test,Task 3,1778120582.126,1778109784.2287,1778109784.2297,a6f5a514-cd3e-41ed-8583-07e94b8a559a,Simulated-Provider,tinyllama-mock,1778109784.4977,1778109784.4977,1778109785.4914,1778109785.4944,-10796.6316,0.9937,success
c55ce355-ed62-4fbb-bfc1-81fe76be54aa,renad_crash_test,Task 2,1778120581.935,1778109784.0385,1778109784.0385,N/A,N/A,N/A,0,0,0,1778109792.4487,-10789.4863,0,error: Worker 22da45d9-b0b0-442a-a2c6-7b557bd17d2b failed after 3 attempts
3eda53a1-de37-416f-96ef-7a26f9bf3e36,renad_crash_test,Task 4,1778120582.305,1778109784.4034,1778109784.4034,N/A,N/A,N/A,0,0,0,1778109792.8543,-10789.4507,0,error: Worker 22da45d9-b0b0-442a-a2c6-7b557bd17d2b failed after 3 attempts
e37f0a7e-0015-4d2b-9952-656f26863ec6,renad_final_check,Final Validation Task 1,1778110425.0,1778110427.8132,1778110427.8132,69f39c8d-7f35-c749-67ca-82e6317f56de,Simulated-Provider,tinyllama-mock,1778110428.1574,1778110428.1574,1778110429.1808,1778110429.1859,4.1859,1.0234,success
2e4124ce-92eb-4d7e-94f1-1618cfd328f2,renad_final_check,Final Validation Task 2,1778110425.0,1778110428.0123,1778110428.0133,9275aeee-0c12-f1df-d755-59696d64d815,Simulated-Provider,tinyllama-mock,1778110428.2953,1778110428.2953,1778110429.3208,1778110429.3237,4.3237,1.0254,success
509a7e6f-bbc5-4459-8d3a-f787634ad966,renad_final_check,Final Validation Task 3,1778110425.0,1778110428.1978,1778110428.1988,69f39c8d-7f35-c749-67ca-82e6317f56de,Simulated-Provider,tinyllama-mock,1778110428.4621,1778110428.4621,1778110429.4759,1778110429.4789,4.4789,1.0138,success
5583dd16-bb76-4c72-87d3-e5b84f688ede,renad_final_check,Final Validation Task 4,1778110425.0,1778110428.3516,1778110428.3527,9275aeee-0c12-f1df-d755-59696d64d815,Simulated-Provider,tinyllama-mock,1778110428.6329,1778110428.6329,1778110429.6335,1778110429.6365,4.6365,1.0006,success
d626f480-c55a-4a67-a113-7953e17d4d1d,renad_23P0292,What is a distributed system?,1778141528.0,1778141530.145,1778141530.146,69f39c8d-7f35-c749-67ca-82e6317f56de,Ollama-Expert-Inference,qwen3:8b,1778141530.4295,1778141530.4295,1778141591.4823,1778141591.4941,63.4941,61.0529,success
72569926-bf6b-4924-b08e-a5e090790595,renad_23P0292,Explain the advantage of performing diffusion in the latent space versus pixel s,1778141984.0,1778141987.7622,1778141987.7632,69f39c8d-7f35-c749-67ca-82e6317f56de,Ollama-Distributed-RAG,qwen3:8b,1778142775.2059,1778142775.2059,1778142943.6914,1778142943.7033,959.7033,168.4855,success
40cd53d8-2abc-47b1-873c-64ee2519613a,renad_23P0292,Explain the advantage of performing diffusion in the latent space versus pixel s,1778142622.0,1778142624.2086,1778142624.2086,9275aeee-0c12-f1df-d755-59696d64d815,Ollama-Distributed-RAG,qwen3:8b,1778143026.6457,1778143026.6457,1778143143.9343,1778143143.9486,521.9486,117.2886,success
22a3060d-0d24-419c-b81d-93f0b13fb374,renad_23P0292,Explain the advantage of performing diffusion in the latent space versus pixel s,1778146748.0,1778146750.853,1778146750.855,69f39c8d-7f35-c749-67ca-82e6317f56de,Ollama-Distributed-RAG,qwen3.6:latest,1778146751.3611,1778146751.3611,1778146760.721,1778146760.7289,12.7289,9.3599,success
b4203876-b151-47eb-9bdb-b222441ac1fc,renad_23P0292,Explain the advantage of performing diffusion in the latent space versus pixel s,1778147088.0,1778147090.1429,1778147090.1439,69f39c8d-7f35-c749-67ca-82e6317f56de,Ollama-Distributed-RAG,qwen3.6:latest,1778147090.4251,1778147090.4251,1778147102.4937,1778147102.5037,14.5037,12.0686,success
f397e425-0488-445a-ad6d-14843e293aa0,renad_23P0292,Explain the advantage of performing diffusion in the latent space versus pixel s,1778147385.0,1778147387.7199,1778147387.7209,69f39c8d-7f35-c749-67ca-82e6317f56de,Ollama-Distributed-RAG,qwen3.6:latest,1778147388.0215,1778147388.0215,1778147566.3757,1778147566.3907,181.3907,178.3543,success
8c15cd38-f021-485f-bd2c-a961ee618d19,renad_23P0292,"According to the Rombach paper, how does the VAE help in the diffusion process?",1778147874.0,1778147876.7533,1778147876.7533,69f39c8d-7f35-c749-67ca-82e6317f56de,Ollama-Distributed-RAG,qwen3.6:latest,1778147877.0871,1778147877.0871,1778147891.5139,1778147891.5235,17.5235,14.4269,success
31977629-de32-48c6-a8b3-22236c7adc2c,renad_23P0292,"According to the Rombach paper, how does the VAE help in the diffusion process?",1778148967.0,1778148969.7877,1778148969.7887,69f39c8d-7f35-c749-67ca-82e6317f56de,Ollama-Distributed-RAG,qwen3.6:latest,1778148970.0728,1778148970.0728,1778148986.8231,1778148986.8311,19.8311,16.7503,success
7be2be25-4200-4128-8a33-a7765b13db29,renad_23P0292,"According to the Rombach paper, how does the VAE help in the diffusion process?",1778149032.0,1778149032.1697,1778149032.1697,69f39c8d-7f35-c749-67ca-82e6317f56de,Ollama-Distributed-RAG,qwen3.6:latest,1778149032.4746,1778149032.4746,1778149044.47,1778149044.4769,12.4769,11.9954,success
77d1da28-3513-4321-8bba-0b2170341de7,renad_23P0292,"According to the Rombach paper, how does the VAE help in the diffusion process?",1778149535.0,1778149537.5019,1778149537.5029,69f39c8d-7f35-c749-67ca-82e6317f56de,Ollama-Distributed-RAG,qwen2.5:14b ,1778149537.9629,1778149537.9629,1778149674.993,1778149675.013,140.013,137.0301,success
3c1d0540-8702-444e-8b3f-d2bb483f1ebc,renad_23P0292,Write a short poem about distributed systems and NVIDIA GPUs.,1778149782.0,1778149784.0637,1778149784.0647,69f39c8d-7f35-c749-67ca-82e6317f56de,Ollama-Distributed-RAG,qwen2.5:14b ,1778149784.3464,1778149784.3464,1778149788.9762,1778149788.9832,6.9832,4.6298,success
ee2b9b8a-bc2d-4e26-b875-3662de619006,renad_23P0292,Write a short poem about distributed systems and NVIDIA GPUs.,1778149884.0,1778149884.2549,1778149884.2549,69f39c8d-7f35-c749-67ca-82e6317f56de,Ollama-Distributed-RAG,qwen2.5:14b ,1778149884.5744,1778149884.5744,1778149889.1171,1778149889.1315,5.1315,4.5426,success
767e9f99-6391-4c2f-bb6d-d24949295a23,renad_23P0292,Write a short poem about distributed systems and NVIDIA GPUs.,1778150401.0,1778150403.5944,1778150403.5949,69f39c8d-7f35-c749-67ca-82e6317f56de,Ollama-Distributed-RAG,qwen2.5:14b ,1778150403.881,1778150403.881,1778150535.8654,1778150535.8744,134.8744,131.9845,success
45aa1c42-3ae9-49a9-a336-483cf0819cda,renad_23P0292,Write a short poem about distributed systems and NVIDIA GPUs.,1778150773.0,1778150775.1056,1778150775.1066,69f39c8d-7f35-c749-67ca-82e6317f56de,Ollama-Distributed-RAG,qwen2.5:14b ,1778150775.4427,1778150775.4427,1778150800.526,1778150800.535,27.535,25.0833,success
55e5803f-260e-4c75-878e-a4937cf82b62,renad_23P0292,Write a short poem about distributed systems and NVIDIA GPUs.,1778150935.0,1778150938.0184,1778150938.0184,69f39c8d-7f35-c749-67ca-82e6317f56de,Ollama-Distributed-RAG,qwen2.5:14b ,1778150938.3157,1778150938.3157,1778150946.032,1778150946.0453,11.0453,7.7162,success
1cc79005-8551-43ba-8a99-66b1744c08e0,renad_23P0292,What are latent diffusion models according to the Rombach paper?,1778151016.0,1778151016.8393,1778151016.8403,69f39c8d-7f35-c749-67ca-82e6317f56de,Ollama-Distributed-RAG,qwen2.5:14b ,1778151017.1519,1778151017.1519,1778151027.2671,1778151027.2787,11.2787,10.1152,success
66c56b50-c31e-47c8-bf78-7592fad77d3d,renad_23P0292,What are latent diffusion models according to the Rombach paper?,1778151304.0,1778151306.3136,1778151306.3146,69f39c8d-7f35-c749-67ca-82e6317f56de,Ollama-Distributed-RAG,qwen2.5:14b ,1778151306.6032,1778151306.6032,1778151320.7377,1778151320.749,16.749,14.1346,success
74bb7120-006a-4cd2-9ca7-7dd42cd4aff3,Renad_Node_1,Explain Latent Diffusion.,0.0,1778152773.8216,1778152773.8226,69f39c8d-7f35-c749-67ca-82e6317f56de,Ollama-Distributed-RAG,qwen2.5:14b ,1778152774.3477,1778152774.3477,1778152870.5144,1778152870.5304,1778152870.5304,96.1667,success
8394c0d4-799f-4247-af93-1fa4c348bdcc,Renad_Node_2,How does a VAE work?,0.0,1778152774.0333,1778152774.0333,9275aeee-0c12-f1df-d755-59696d64d815,Ollama-Distributed-RAG,qwen2.5:14b ,1778152774.3507,1778152774.3507,1778152874.2746,1778152874.2886,1778152874.2886,99.9239,success
d607d65c-a140-42ee-a819-4118926201c5,Renad_Local_Dev,what are latent diffusion models?,1778171064.0,1778171066.562,1778171066.563,69f39c8d-7f35-c749-67ca-82e6317f56de,Ollama-Distributed-RAG,qwen2.5:14b ,1778171067.1277,1778171067.1277,1778171184.539,1778171184.548,120.548,117.4113,success
2c184154-32de-468d-a76f-8d6c83d76d5d,Renad_Local_Dev,what are latent diffusion models?,1778171231.0,1778171233.0766,1778171233.0776,69f39c8d-7f35-c749-67ca-82e6317f56de,Ollama-Distributed-RAG,qwen2.5:14b ,1778171233.3802,1778171233.3802,1778171243.8157,1778171243.8247,12.8247,10.4355,success
a476eaaf-8234-4a1b-8dfc-7bac63ec9d49,Renad_Local_Dev,write a poem about latent diffusion models?,1778171263.0,1778171265.2555,1778171265.2565,69f39c8d-7f35-c749-67ca-82e6317f56de,Ollama-Distributed-RAG,qwen2.5:14b ,1778171265.563,1778171265.563,1778171274.2819,1778171274.2899,11.2899,8.7189,success
1b91bfc0-8252-4bbe-85a6-b7d0c16209f6,Renad_Local_Dev,what's latent diffsuion?,1778171608.0,1778171610.6909,1778171610.6909,69f39c8d-7f35-c749-67ca-82e6317f56de,Ollama-Distributed-RAG,qwen2.5:14b ,1778171610.9926,1778171610.9926,1778171637.0989,1778171637.1089,29.1089,26.1063,success
7e8045ca-7d86-47af-9688-e5afb296790b,Renad_Local_Dev,how do latent diffusion models generate pictures?,1778171611.0,1778171613.1953,1778171613.1963,9275aeee-0c12-f1df-d755-59696d64d815,Ollama-Distributed-RAG,qwen2.5:14b ,1778171613.5024,1778171613.5024,1778171645.8131,1778171645.8261,34.8261,32.3107,success
482554a4-dcdd-4fd2-bee9-c6ec4515dbb8,Renad_Local_Dev,how are you doing?,1778171740.0,1778171742.7787,1778171742.7787,69f39c8d-7f35-c749-67ca-82e6317f56de,Ollama-Distributed-RAG,qwen2.5:14b ,1778171743.0624,1778171743.0624,1778171748.886,1778171748.8921,8.8921,5.8236,success
44976517-e1d6-48fb-8ca6-d462827475b1,Renad_Local_Dev,what's up?,1778171744.0,1778171746.9814,1778171746.9824,9275aeee-0c12-f1df-d755-59696d64d815,Ollama-Distributed-RAG,qwen2.5:14b ,1778171747.2828,1778171747.2828,1778171752.7507,1778171752.7567,8.7567,5.4679,success
d29974b0-172a-4314-a351-fb12875097d8,Renad_Local_Dev,Compare the pros and cons of using a Shared-Nothing architecture versus a Shared,1778171972.0,1778171974.6849,1778171974.6859,69f39c8d-7f35-c749-67ca-82e6317f56de,Ollama-Distributed-RAG,qwen2.5:14b ,1778171974.9705,1778171974.9705,1778171990.6405,1778171990.65,18.65,15.67,success
ad613dc6-0395-4b7d-865e-15522823db74,Renad_Local_Dev,"In a Real-Time Operating System (RTOS), explain the difference between Preemptiv",1778171974.0,1778171976.757,1778171976.757,9275aeee-0c12-f1df-d755-59696d64d815,Ollama-Distributed-RAG,qwen2.5:14b ,1778171977.0438,1778171977.0438,1778172000.5321,1778172000.5411,26.5411,23.4883,success
9a4f007f-da71-4f17-8cf7-55eec00b8ae2,Renad_Local_Dev,Explain the mathematical intuition behind Convolutional Neural Networks (CNNs). ,1778171976.0,1778171979.0129,1778171979.0139,69f39c8d-7f35-c749-67ca-82e6317f56de,Ollama-Distributed-RAG,qwen2.5:14b ,1778171979.3168,1778171979.3168,1778172012.9412,1778172012.9482,36.9482,33.6244,success
15217acd-6a47-444d-bbf2-f6c1c9958bb9,Renad_Local_Dev,"""What is Semantic Caching in production RAG systems? How can it reduce Time-to-F",1778171978.0,1778171980.9427,1778171980.9442,9275aeee-0c12-f1df-d755-59696d64d815,Ollama-Distributed-RAG,qwen2.5:14b ,1778171981.2453,1778171981.2453,1778172020.3479,1778172020.3578,42.3578,39.1026,success
f80c7501-7d64-4f5f-9944-6c593794ca04,Renad_Local_Dev,Describe the startup sequence of an ARM Cortex-M4 microcontroller. What is the r,1778171981.0,1778171983.0597,1778171983.0607,69f39c8d-7f35-c749-67ca-82e6317f56de,Ollama-Distributed-RAG,qwen2.5:14b ,1778171983.3635,1778171983.3635,1778172030.2781,1778172030.2861,49.2861,46.9147,success
39aae261-7fab-4313-aad9-f656e08ae8d5,Renad_Local_Dev,"Discuss the CAP Theorem (Consistency, Availability, Partition Tolerance). In a d",1778171982.0,1778171985.0205,1778171985.0215,9275aeee-0c12-f1df-d755-59696d64d815,Ollama-Distributed-RAG,qwen2.5:14b ,1778171985.3262,1778171985.3262,1778172039.9052,1778172039.9201,57.9201,54.5791,success
